<cacti>	
	<hash_000004370caa5911c63fd1b5013c4bc95f9e38>
		<name>Unix - Webserver response time</name>
		<graph>
			<t_title></t_title>
			<title>|host_description| - Webserver response time</title>
			<t_image_format_id></t_image_format_id>
			<image_format_id>1</image_format_id>
			<t_height></t_height>
			<height>80</height>
			<t_width></t_width>
			<width>350</width>
			<t_auto_scale></t_auto_scale>
			<auto_scale></auto_scale>
			<t_auto_scale_opts></t_auto_scale_opts>
			<auto_scale_opts>2</auto_scale_opts>
			<t_auto_scale_log></t_auto_scale_log>
			<auto_scale_log></auto_scale_log>
			<t_auto_scale_rigid></t_auto_scale_rigid>
			<auto_scale_rigid>on</auto_scale_rigid>
			<t_auto_padding></t_auto_padding>
			<auto_padding>on</auto_padding>
			<t_export></t_export>
			<export>on</export>
			<t_upper_limit></t_upper_limit>
			<upper_limit>3</upper_limit>
			<t_lower_limit></t_lower_limit>
			<lower_limit>0</lower_limit>
			<t_base_value></t_base_value>
			<base_value>1000</base_value>
			<t_unit_value></t_unit_value>
			<unit_value></unit_value>
			<t_unit_exponent_value></t_unit_exponent_value>
			<unit_exponent_value></unit_exponent_value>
			<t_vertical_label></t_vertical_label>
			<vertical_label>seconds</vertical_label>
		</graph>
		<items>
			<hash_1000042d497cc34add5447dcc7c81e6de4fa90>
				<task_item_id>hash_0800042acd5cb073023d22aadc092b1398686f</task_item_id>
				<color_id>837C04</color_id>
				<graph_type_id>5</graph_type_id>
				<consolidation_function_id>1</consolidation_function_id>
				<cdef_id>0</cdef_id>
				<value></value>
				<gprint_id>hash_060004e9c43831e54eca8069317a2ce8c6f751</gprint_id>
				<text_format>Current server response time:</text_format>
				<hard_return></hard_return>
				<sequence>1</sequence>
			</hash_1000042d497cc34add5447dcc7c81e6de4fa90>
			<hash_100004fa9b54b0767266638ee82a61f8bffc77>
				<task_item_id>hash_0800042acd5cb073023d22aadc092b1398686f</task_item_id>
				<color_id>0</color_id>
				<graph_type_id>9</graph_type_id>
				<consolidation_function_id>4</consolidation_function_id>
				<cdef_id>0</cdef_id>
				<value></value>
				<gprint_id>hash_060004e9c43831e54eca8069317a2ce8c6f751</gprint_id>
				<text_format></text_format>
				<hard_return></hard_return>
				<sequence>2</sequence>
			</hash_100004fa9b54b0767266638ee82a61f8bffc77>
		</items>
		<inputs>
			<hash_090004a7f248843f80f91b7ac54f283bf630f9>
				<name>Response time</name>
				<description></description>
				<column_name>task_item_id</column_name>
				<items>hash_0000042d497cc34add5447dcc7c81e6de4fa90|hash_000004fa9b54b0767266638ee82a61f8bffc77</items>
			</hash_090004a7f248843f80f91b7ac54f283bf630f9>
		</inputs>
	</hash_000004370caa5911c63fd1b5013c4bc95f9e38>
	<hash_010004b592682bcfbd2546c77f2a6b1d686c8a>
		<name>Unix - Webserver response time</name>
		<ds>
			<t_name></t_name>
			<name>|host_description| - Webserver response time</name>
			<data_input_id>hash_030004ab477475059d62b66989264dba58dd91</data_input_id>
			<t_rra_id></t_rra_id>
			<t_rrd_step></t_rrd_step>
			<rrd_step>300</rrd_step>
			<t_active></t_active>
			<active>on</active>
			<rra_items>hash_150004c21df5178e5c955013591239eb0afd46|hash_1500040d9c0af8b8acdc7807943937b3208e29|hash_1500046fc2d038fb42950138b0ce3e9874cc60|hash_150004e36f3adb9f152adfa5dc50fd2b23337e</rra_items>
		</ds>
		<items>
			<hash_0800042acd5cb073023d22aadc092b1398686f>
				<t_data_source_name></t_data_source_name>
				<data_source_name>response_time</data_source_name>
				<t_rrd_minimum></t_rrd_minimum>
				<rrd_minimum>0</rrd_minimum>
				<t_rrd_maximum></t_rrd_maximum>
				<rrd_maximum>3</rrd_maximum>
				<t_data_source_type_id></t_data_source_type_id>
				<data_source_type_id>1</data_source_type_id>
				<t_rrd_heartbeat></t_rrd_heartbeat>
				<rrd_heartbeat>600</rrd_heartbeat>
				<t_data_input_field_id></t_data_input_field_id>
				<data_input_field_id>hash_0700042c6a53dfbbd00665622c7b929e24a2d3</data_input_field_id>
			</hash_0800042acd5cb073023d22aadc092b1398686f>
		</items>
		<data>
			<item_000>
				<data_input_field_id>hash_070004dd18c8bac7b2a6ab9f3b943d53706482</data_input_field_id>
				<t_value></t_value>
				<value></value>
			</item_000>
			<item_001>
				<data_input_field_id>hash_0700041b57a4a01df3fa4a7d423dbef6389a90</data_input_field_id>
				<t_value>on</t_value>
				<value></value>
			</item_001>
			<item_002>
				<data_input_field_id>hash_070004f47e5f5de6392f6c9422c7455dcd8184</data_input_field_id>
				<t_value>on</t_value>
				<value></value>
			</item_002>
		</data>
	</hash_010004b592682bcfbd2546c77f2a6b1d686c8a>
	<hash_030004ab477475059d62b66989264dba58dd91>
		<name>Unix - Webserver response time</name>
		<type_id>1</type_id>
		<input_string>perl &amp;lt;path_cacti&amp;gt;/scripts/response_time.pl &amp;lt;host&amp;gt; &amp;lt;port&amp;gt; &amp;lt;uri&amp;gt;</input_string>
		<fields>
			<hash_070004f47e5f5de6392f6c9422c7455dcd8184>
				<name>Webserver URI</name>
				<update_rra></update_rra>
				<regexp_match></regexp_match>
				<allow_nulls>on</allow_nulls>
				<type_code></type_code>
				<input_output>in</input_output>
				<data_name>uri</data_name>
			</hash_070004f47e5f5de6392f6c9422c7455dcd8184>
			<hash_0700042c6a53dfbbd00665622c7b929e24a2d3>
				<name>Webserver response time</name>
				<update_rra>on</update_rra>
				<regexp_match></regexp_match>
				<allow_nulls></allow_nulls>
				<type_code></type_code>
				<input_output>out</input_output>
				<data_name>webserver_response_time</data_name>
			</hash_0700042c6a53dfbbd00665622c7b929e24a2d3>
			<hash_070004dd18c8bac7b2a6ab9f3b943d53706482>
				<name>Hostname</name>
				<update_rra></update_rra>
				<regexp_match></regexp_match>
				<allow_nulls></allow_nulls>
				<type_code>hostname</type_code>
				<input_output>in</input_output>
				<data_name>host</data_name>
			</hash_070004dd18c8bac7b2a6ab9f3b943d53706482>
			<hash_0700041b57a4a01df3fa4a7d423dbef6389a90>
				<name>Webserver port number</name>
				<update_rra></update_rra>
				<regexp_match></regexp_match>
				<allow_nulls></allow_nulls>
				<type_code></type_code>
				<input_output>in</input_output>
				<data_name>port</data_name>
			</hash_0700041b57a4a01df3fa4a7d423dbef6389a90>
		</fields>
	</hash_030004ab477475059d62b66989264dba58dd91>
	<hash_150004c21df5178e5c955013591239eb0afd46>
		<name>Daily (5 Minute Average)</name>
		<x_files_factor>0.5</x_files_factor>
		<steps>1</steps>
		<rows>600</rows>
		<timespan>108000</timespan>
		<cf_items>1|3</cf_items>
	</hash_150004c21df5178e5c955013591239eb0afd46>
	<hash_1500040d9c0af8b8acdc7807943937b3208e29>
		<name>Weekly (30 Minute Average)</name>
		<x_files_factor>0.5</x_files_factor>
		<steps>6</steps>
		<rows>700</rows>
		<timespan>604800</timespan>
		<cf_items>1|3</cf_items>
	</hash_1500040d9c0af8b8acdc7807943937b3208e29>
	<hash_1500046fc2d038fb42950138b0ce3e9874cc60>
		<name>Monthly (2 Hour Average)</name>
		<x_files_factor>0.5</x_files_factor>
		<steps>24</steps>
		<rows>775</rows>
		<timespan>2678400</timespan>
		<cf_items>1|3</cf_items>
	</hash_1500046fc2d038fb42950138b0ce3e9874cc60>
	<hash_150004e36f3adb9f152adfa5dc50fd2b23337e>
		<name>Yearly (1 Day Average)</name>
		<x_files_factor>0.5</x_files_factor>
		<steps>288</steps>
		<rows>797</rows>
		<timespan>33053184</timespan>
		<cf_items>1|3</cf_items>
	</hash_150004e36f3adb9f152adfa5dc50fd2b23337e>
	<hash_060004e9c43831e54eca8069317a2ce8c6f751>
		<name>Normal</name>
		<gprint_text>%8.2lf %s</gprint_text>
	</hash_060004e9c43831e54eca8069317a2ce8c6f751>
</cacti>